Ana Torres;1001234567;ana.torres@email.com
Carlos Ramírez;1009876543;carlos.ramirez@email.com
María López;1112223334;maria.lopez@email.com
Julio Herrera;1234567890;julio.herrera@email.com
Sofía Martínez;9876543210;sofia.martinez@email.com
Diego Pérez;1122334455;diego.perez@email.com
Laura Gómez;5544332211;laura.gomez@email.com
Andrés Castro;6677889900;andres.castro@email.com
Valentina Ríos;3344556677;valentina.rios@email.com
Felipe Morales;7788990011;felipe.morales@email.com
Oscar Castro;9697354961;oscar.castro@email.com
Daniel Cruz;1958682846;daniel.cruz@email.com
Claudia Gómez;9963334018;claudia.gomez@email.com
Paula López;1127978094;paula.lopez@email.com
Mateo Díaz;9703905715;mateo.diaz@email.com
Isabella Flores;2801823908;isabella.flores@email.com
Luis Peña;4733616459;luis.pena@email.com
Pablo García;8293453178;pablo.garcia@email.com
Natalia Medina;1667779376;natalia.medina@email.com
Pablo Suárez;1438989805;pablo.suarez@email.com
Miguel Gómez;9776552803;miguel.gomez@email.com
Catalina Flores;9256195745;catalina.flores@email.com
Diego Álvarez;1298737106;diego.alvarez@email.com
Javier Díaz;8615270538;javier.diaz@email.com
Diego Díaz;4721519026;diego.diaz@email.com
Miguel Medina;8877444318;miguel.medina@email.com
Camila Sánchez;2525876051;camila.sanchez@email.com
Javier Medina;9896606039;javier.medina@email.com
Oscar García;2051454923;oscar.garcia@email.com
Catalina Ruiz;1240251661;catalina.ruiz@email.com
María Navarro;7017956955;maria.navarro@email.com
Sofía Rojas;8378385615;sofia.rojas@email.com
Mateo Acosta;2970753705;mateo.acosta@email.com
Valeria Ríos;7805745017;valeria.rios@email.com
Diana Núñez;2554762903;diana.nunez@email.com
Valentina Delgado;3119634399;valentina.delgado@email.com
Pablo Herrera;4698408854;pablo.herrera@email.com
Felipe García;5567816720;felipe.garcia@email.com
Miguel Cardona;9573276057;miguel.cardona@email.com
Andrea Ortiz;9639245200;andrea.ortiz@email.com
Rodrigo Castro;8047877267;rodrigo.castro@email.com
Andrés Silva;2867302554;andres.silva@email.com
Catalina Torres;4919706735;catalina.torres@email.com
Oscar Reyes;1854316681;oscar.reyes@email.com
Daniela García;9592390865;daniela.garcia@email.com
Alejandro Acosta;1083651970;alejandro.acosta@email.com
Daniela Reyes;2028439863;daniela.reyes@email.com
Santiago Paredes;5067116918;santiago.paredes@email.com
Diego Acosta;4504793184;diego.acosta@email.com
Pablo Flores;4289233844;pablo.flores@email.com
Valentina Mendoza;6004182187;valentina.mendoza@email.com
Andrea Cardona;6633778586;andrea.cardona@email.com
Javier Sánchez;7517938612;javier.sanchez@email.com
Andrés Cruz;1965067727;andres.cruz@email.com
Natalia Ramírez;1945826486;natalia.ramirez@email.com
sofia herrera;1983297492;sofia.herrera@email2.com
María Suárez;9894264595;maria.suarez@email.com
Santiago Medina;8168204967;santiago.medina@email.com
Mateo Flores;3030106617;mateo.flores@email.com
Jorge Blanco;1817804383;jorge.blanco@email.com
Laura Vega;6816663775;laura.vega@email.com
Nicolás Guerrero;9822598054;nicolas.guerrero@email.com
Mariana Gómez;5555296751;mariana.gomez@email.com
Rodrigo Suárez;1469306919;rodrigo.suarez@email.com
Isabella Jiménez;7598297060;isabella.jimenez@email.com
Valentina Vega;6083042422;valentina.vega@email.com
Catalina Cruz;5618742930;catalina.cruz@email.com
Manuela Gómez;9807209816;manuela.gomez@email.com
Tomás Torres;5161807235;tomas.torres@email.com
Pablo Cruz;6009268066;pablo.cruz@email.com
Melissa Mendoza;1251837136;melissa.mendoza@email.com
Miguel Torres;9526836552;miguel.torres@email.com
Valeria Guerrero;6520103410;valeria.guerrero@email.com
Fernando Álvarez;3090237817;fernando.alvarez@email.com
Isabella Silva;9841118422;isabella.silva@email.com
Claudia Flores;9851745355;claudia.flores@email.com
Alejandro Herrera;9805294274;alejandro.herrera@email.com
Jorge Delgado;3281169403;jorge.delgado@email.com
Julio Delgado;1798112150;julio.delgado@email.com
Cristian Martínez;6305160342;cristian.martinez@email.com
Andrés Paredes;3553440342;andres.paredes@email.com
Paola Pérez;7540301973;paola.perez@email.com
Valeria Rojas;2349409434;valeria.rojas@email.com
Valeria Núñez;8067372072;valeria.nunez@email.com
Catalina Navarro;5018948187;catalina.navarro@email.com
Ana Guerrero;1429416213;ana.guerrero@email.com
Tomás Rojas;7467725516;tomas.rojas@email.com
Valentina Molina;4783282817;valentina.molina@email.com
Santiago Sánchez;2224011538;santiago.sanchez@email.com
Luis Flores;8316648259;luis.flores@email.com
Paola Aguilar;9623534576;paola.aguilar@email.com
Manuela Reyes;4771526597;manuela.reyes@email.com
Valeria Castro;4821286999;valeria.castro@email.com
Claudia Álvarez;5962610986;claudia.alvarez@email.com
Gabriela Cardona;2472659626;gabriela.cardona@email.com
Tatiana Ortiz;7465682673;tatiana.ortiz@email.com
Valeria Herrera;9986353481;valeria.herrera@email.com
Paula Medina;1189351213;paula.medina@email.com
Natalia Ríos;2125089309;natalia.rios@email.com
Claudia Romero;1041531046;claudia.romero@email.com
Sofía Morales;3343292475;sofia.morales@email.com
Daniela Peña;3373077218;daniela.pena@email.com
Paula Ríos;5474620894;paula.rios@email.com
Daniela López;9155819200;daniela.lopez@email.com
Mateo Cruz;3864457210;mateo.cruz@email.com
David Álvarez;4993808565;david.alvarez@email.com
Camila Vargas;9080621072;camila.vargas@email.com
Carlos Vargas;9292791081;carlos.vargas@email.com
Javier Cruz;2145921803;javier.cruz@email.com
Fernando Gómez;3021598245;fernando.gomez@email.com
Isabella Guerrero;6796738787;isabella.guerrero@email.com
Lucía Díaz;9691572571;lucia.diaz@email.com
Isabella Núñez;6704841644;isabella.nunez@email.com
Sofía Medina;7482848011;sofia.medina@email.com
Tatiana Flores;1118543408;tatiana.flores@email.com
Valeria Vargas;9519284858;valeria.vargas@email.com
María Gómez;7857221324;maria.gomez@email.com
David Navarro;5791662169;david.navarro@email.com
Esteban Jiménez;2094024844;esteban.jimenez@email.com
Monica Vega;9597198563;monica.vega@email.com
Tomás Jiménez;6859286614;tomas.jimenez@email.com
Sofía Suárez;7971399399;sofia.suarez@email.com
Javier Castro;7049001493;javier.castro@email.com
Sara Silva;3381183483;sara.silva@email.com
Isabella Blanco;7739255769;isabella.blanco@email.com
Sara Álvarez;4580822352;sara.alvarez@email.com
Juan Silva;6197695041;juan.silva@email.com
Diana Cardona;8106906538;diana.cardona@email.com
Catalina Romero;5659161352;catalina.romero@email.com
Ricardo Muñoz;2439622619;ricardo.munoz@email.com
Pablo Cruz;8184602688;pablo.cruz@email.com
Lucía Jiménez;1632880459;lucia.jimenez@email.com
María Cruz;9520940324;maria.cruz@email.com
Paola Martínez;7250964836;paola.martinez@email.com
Oscar Paredes;8285786023;oscar.paredes@email.com
Melissa Núñez;2047905204;melissa.nunez@email.com
Mariana Torres;4803044105;mariana.torres@email.com
Adriana Vega;1939915527;adriana.vega@email.com
Fernando Aguilar;2995226582;fernando.aguilar@email.com
Manuela Cruz;5816198518;manuela.cruz@email.com
Valentina Guerrero;7852415525;valentina.guerrero@email.com
Pablo Romero;7462972995;pablo.romero@email.com
Manuela Romero;4853479481;manuela.romero@email.com
Claudia Mendoza;7228002201;claudia.mendoza@email.com
Pablo Cruz;6322520473;pablo.cruz@email.com
Luis Martínez;8359619163;luis.martinez@email.com
Santiago Medina;6737421496;santiago.medina@email.com
Tomás Pérez;1594312071;tomas.perez@email.com
Lucía Ruiz;3980491761;lucia.ruiz@email.com
Monica Rojas;5570828113;monica.rojas@email.com
Nicolás Suárez;7625464411;nicolas.suarez@email.com
Nicolás Herrera;7099469983;nicolas.herrera@email.com
Adriana Peña;7767538527;adriana.pena@email.com
Jorge Torres;9344011888;jorge.torres@email.com
Juan Ruiz;6242173772;juan.ruiz@email.com
Lucía Medina;7166868574;lucia.medina@email.com
Carlos Ruiz;1116402431;carlos.ruiz@email.com
Mariana Vega;2982979741;mariana.vega@email.com
Julio Ortiz;6923206003;julio.ortiz@email.com
Mateo Guerrero;6698759353;mateo.guerrero@email.com
Pablo Ruiz;7105574449;pablo.ruiz@email.com
Diego Mendoza;9673185158;diego.mendoza@email.com
Tomás Herrera;2503068227;tomas.herrera@email.com
Mariana Martínez;3799264931;mariana.martinez@email.com
Pablo Ramírez;5078551333;pablo.ramirez@email.com
Isabella Ramírez;3668616333;isabella.ramirez@email.com
Santiago Ríos;5070585433;santiago.rios@email.com
Catalina Ortiz;8588769565;catalina.ortiz@email.com
Camila Cardona;4518871744;camila.cardona@email.com
Juan Gómez;3485432021;juan.gomez@email.com
Juan Paredes;9410288290;juan.paredes@email.com
Sara Jiménez;9916336966;sara.jimenez@email.com
Fernando Cruz;8612747444;fernando.cruz@email.com
Tatiana Cardona;4459716271;tatiana.cardona@email.com
Esteban López;2591589823;esteban.lopez@email.com
Ricardo Suárez;3105400301;ricardo.suarez@email.com
Paula Sánchez;8854238082;paula.sanchez@email.com
Monica Morales;2870403050;monica.morales@email.com
Rodrigo Aguilar;7371573279;rodrigo.aguilar@email.com
Paula Peña;6447717367;paula.pena@email.com
Santiago Pérez;2936179853;santiago.perez@email.com
Pablo Guerrero;8164814926;pablo.guerrero@email.com
Natalia Ramírez;2395925222;natalia.ramirez@email.com
Melissa Rojas;6404582459;melissa.rojas@email.com
Daniel Cardona;9633533290;daniel.cardona@email.com
Isabella Pérez;7040562787;isabella.perez@email.com
Manuela Cruz;8261111839;manuela.cruz@email.com
Mariana Acosta;1074059253;mariana.acosta@email.com
Gabriela Díaz;6339955011;gabriela.diaz@email.com
Javier Peña;6879898071;javier.pena@email.com
Manuela Aguilar;6771394050;manuela.aguilar@email.com
Claudia Álvarez;6715705115;claudia.alvarez@email.com
Fernando Guerrero;6458544482;fernando.guerrero@email.com
Valeria Díaz;6122110529;valeria.diaz@email.com
Andrés Flores;3964229896;andres.flores@email.com
Isabella Rojas;8467250120;isabella.rojas@email.com
Daniel Peña;6128695961;daniel.pena@email.com
Lucía Sánchez;6065662867;lucia.sanchez@email.com
Ana Flores;5838636972;ana.flores@email.com
María Herrera;7671625956;maria.herrera@email.com
Fernando Ríos;8528185058;fernando.rios@email.com
Laura Torres;7760554363;laura.torres@email.com
Jorge Mendoza;7186766399;jorge.mendoza@email.com
Sebastián Herrera;8996039244;sebastian.herrera@email.com
Andrés Martínez;7015992643;andres.martinez@email.com
Sofía Paredes;1230249217;sofia.paredes@email.com
Felipe Paredes;9371430906;felipe.paredes@email.com
Diego Cruz;8578226896;diego.cruz@email.com
Cristian Cardona;7539399243;cristian.cardona@email.com
Luis Romero;7136777415;luis.romero@email.com
Esteban Muñoz;9848621776;esteban.munoz@email.com
Claudia Gómez;6201313620;claudia.gomez@email.com
Javier Pérez;1674555072;javier.perez@email.com
Sebastián Álvarez;1322401182;sebastian.alvarez@email.com
Ana Blanco;7845366946;ana.blanco@email.com
Gabriela López;6289150149;gabriela.lopez@email.com
Monica Silva;2950049698;monica.silva@email.com
Tatiana Díaz;9263135031;tatiana.diaz@email.com
Oscar Peña;5010075517;oscar.pena@email.com
Paula Castro;3338877621;paula.castro@email.com
Mariana Morales;9196564761;mariana.morales@email.com
Felipe Martínez;1256143439;felipe.martinez@email.com
Juan Cardona;6534540349;juan.cardona@email.com
Andrés Guerrero;8252816758;andres.guerrero@email.com
Fernando Núñez;9343730920;fernando.nunez@email.com
Ricardo Flores;7415801613;ricardo.flores@email.com
Diego Cardona;2075321966;diego.cardona@email.com
Diego Díaz;5083595988;diego.diaz@email.com
Pablo Medina;3474961963;pablo.medina@email.com
Pablo Vargas;8093179263;pablo.vargas@email.com
Daniel Vargas;8792122716;daniel.vargas@email.com
Diego Mendoza;6789448659;diego.mendoza@email.com
Natalia Navarro;3878201524;natalia.navarro@email.com
Camila Suárez;7422990551;camila.suarez@email.com
Javier Núñez;3362646960;javier.nunez@email.com
Catalina Pérez;6645808194;catalina.perez@email.com
Alejandro Castro;5243939720;alejandro.castro@email.com
Javier Flores;7279140605;javier.flores@email.com
Julio Jiménez;7521647547;julio.jimenez@email.com
Paola Acosta;7981077394;paola.acosta@email.com
Pablo Herrera;6169243284;pablo.herrera@email.com
Manuela Ríos;9279291478;manuela.rios@email.com
Luis Acosta;1521521078;luis.acosta@email.com
Oscar Cardona;4433026356;oscar.cardona@email.com
Monica García;9648665968;monica.garcia@email.com
Nicolás Pérez;5782279101;nicolas.perez@email.com
Andrés Morales;8372755146;andres.morales@email.com
Ricardo Medina;3028168523;ricardo.medina@email.com
Catalina Álvarez;5916199809;catalina.alvarez@email.com
Isabella Cardona;4776677517;isabella.cardona@email.com
Sofía Medina;8964640525;sofia.medina@email.com
Natalia Delgado;5305985001;natalia.delgado@email.com
Rodrigo Reyes;8129391249;rodrigo.reyes@email.com
Felipe Romero;7608153267;felipe.romero@email.com
David Suárez;7628981661;david.suarez@email.com
Catalina Navarro;4734910807;catalina.navarro@email.com
Fernando Cruz;7750819485;fernando.cruz@email.com
Lucía Blanco;5482431018;lucia.blanco@email.com
Claudia Mendoza;8779941999;claudia.mendoza@email.com
Miguel Morales;1158998032;miguel.morales@email.com
Ricardo Peña;8924383984;ricardo.pena@email.com
Laura Aguilar;9205284543;laura.aguilar@email.com
Ana Morales;1662976399;ana.morales@email.com
Jorge Ortiz;8270110908;jorge.ortiz@email.com
Mariana Pérez;8953271391;mariana.perez@email.com
Tatiana Flores;8556573246;tatiana.flores@email.com
Tomás López;3651968205;tomas.lopez@email.com
Santiago Silva;5283911723;santiago.silva@email.com
Claudia Pérez;4747699292;claudia.perez@email.com
Luis García;8275679594;luis.garcia@email.com
Carlos López;5535997538;carlos.lopez@email.com
David Sánchez;2849785671;david.sanchez@email.com
Santiago Aguilar;1773338452;santiago.aguilar@email.com
Sebastián Pérez;3934040683;sebastian.perez@email.com
Melissa Peña;1614685938;melissa.pena@email.com
Catalina Ortiz;7268807553;catalina.ortiz@email.com
Javier Torres;3347621138;javier.torres@email.com
Sofía Romero;9354723429;sofia.romero@email.com
Diana Reyes;6369130994;diana.reyes@email.com
Juan Jiménez;9587244082;juan.jimenez@email.com
Jorge Gómez;6313758032;jorge.gomez@email.com
Esteban Molina;7763765757;esteban.molina@email.com
Fernando Silva;6994940029;fernando.silva@email.com
Ana Paredes;5181592277;ana.paredes@email.com
Cristian Acosta;9173043235;cristian.acosta@email.com
Adriana Díaz;2513206988;adriana.diaz@email.com
Oscar Jiménez;7961674558;oscar.jimenez@email.com
Tatiana Ríos;3698305085;tatiana.rios@email.com
Oscar López;2893321208;oscar.lopez@email.com
Diana Sánchez;4145461251;diana.sanchez@email.com
Diego Silva;2784572192;diego.silva@email.com
Isabella Ríos;6001680218;isabella.rios@email.com
Jorge Silva;5789617427;jorge.silva@email.com
Sofía Morales;7688606771;sofia.morales@email.com
Diego Núñez;5354747485;diego.nunez@email.com
Tomás Castro;7248258423;tomas.castro@email.com
Tatiana Ortiz;7805633786;tatiana.ortiz@email.com
Oscar Sánchez;6299224734;oscar.sanchez@email.com
Carlos Muñoz;7706193636;carlos.munoz@email.com
Paola Díaz;3781645815;paola.diaz@email.com
Oscar Guerrero;2753617371;oscar.guerrero@email.com
Valentina López;5064162365;valentina.lopez@email.com
Juan Acosta;1498733671;juan.acosta@email.com
Santiago Flores;5877639950;santiago.flores@email.com
Catalina Sánchez;9381721143;catalina.sanchez@email.com
María Sánchez;6228133486;maria.sanchez@email.com
Luis Cruz;8969097897;luis.cruz@email.com
Laura Sánchez;2540492440;laura.sanchez@email.com
Sara Medina;2952996248;sara.medina@email.com
Javier Rojas;1091729577;javier.rojas@email.com
Natalia Cruz;5246953455;natalia.cruz@email.com
Esteban Rojas;4735313433;esteban.rojas@email.com
Natalia Morales;3559721644;natalia.morales@email.com
Daniel Morales;5241397494;daniel.morales@email.com
Tomás Ortiz;4429590757;tomas.ortiz@email.com
Andrés Ramírez;1566090561;andres.ramirez@email.com
David Cruz;7824071339;david.cruz@email.com
Carlos Vargas;2139744790;carlos.vargas@email.com
Valentina Blanco;3259520140;valentina.blanco@email.com
Claudia Martínez;7340428136;claudia.martinez@email.com
Adriana Sánchez;5763350700;adriana.sanchez@email.com
Ricardo Díaz;9776185998;ricardo.diaz@email.com
Javier Aguilar;6590459705;javier.aguilar@email.com
Mariana Ramírez;7019900273;mariana.ramirez@email.com
Tatiana Gómez;9202102595;tatiana.gomez@email.com
Sofía Pérez;1637088959;sofia.perez@email.com
Valentina Medina;8353640266;valentina.medina@email.com
Miguel Cardona;7573691558;miguel.cardona@email.com
Catalina Delgado;7895255573;catalina.delgado@email.com
Laura Castro;6218484323;laura.castro@email.com
Luis Díaz;7072283057;luis.diaz@email.com
Catalina Núñez;5703357871;catalina.nunez@email.com
Paula Navarro;8151583833;paula.navarro@email.com
Daniela Morales;3036965074;daniela.morales@email.com
Diego Pérez;5695387521;diego.perez@email.com
Laura Sánchez;4486522557;laura.sanchez@email.com
Manuela Herrera;5819946657;manuela.herrera@email.com
David Vega;4096932037;david.vega@email.com
Gabriela Cardona;6636925105;gabriela.cardona@email.com
Laura Paredes;3179320310;laura.paredes@email.com
Felipe Mendoza;5759761714;felipe.mendoza@email.com
Manuela Sánchez;3391179068;manuela.sanchez@email.com
Cristian Medina;1124352982;cristian.medina@email.com
Daniel Reyes;9252940807;daniel.reyes@email.com
David Torres;8118240999;david.torres@email.com
Sofía Morales;5173893550;sofia.morales@email.com
Diego Aguilar;6218955985;diego.aguilar@email.com
Nicolás Guerrero;2464137110;nicolas.guerrero@email.com
Daniela Reyes;8394198376;daniela.reyes@email.com
Adriana Paredes;3560761628;adriana.paredes@email.com
Julio Morales;3653594796;julio.morales@email.com
Tatiana Pérez;6463640105;tatiana.perez@email.com
Javier Vega;7193532615;javier.vega@email.com
Daniel Rojas;5783809766;daniel.rojas@email.com
Paula Castro;8160279830;paula.castro@email.com
María Díaz;3574081104;maria.diaz@email.com
Ana Rojas;6392415228;ana.rojas@email.com
Alejandro Castro;5328166990;alejandro.castro@email.com
Claudia Vega;1754603440;claudia.vega@email.com
Miguel Flores;4022245086;miguel.flores@email.com
Ricardo Álvarez;8757570742;ricardo.alvarez@email.com
Sofía Núñez;5476654128;sofia.nunez@email.com
Carlos Guerrero;4956362540;carlos.guerrero@email.com
Alejandro Paredes;8044354825;alejandro.paredes@email.com
Gabriela Castro;2739600515;gabriela.castro@email.com
Alejandro García;7949795085;alejandro.garcia@email.com
Fernando Sánchez;5673482258;fernando.sanchez@email.com
Laura Cruz;5632753983;laura.cruz@email.com
Juan Suárez;6246612046;juan.suarez@email.com
Adriana García;9917981516;adriana.garcia@email.com
Oscar Castro;8628842157;oscar.castro@email.com
David Morales;2014766981;david.morales@email.com
Felipe Ortiz;1847275937;felipe.ortiz@email.com
Cristian Morales;3815389788;cristian.morales@email.com
Sebastián Acosta;7783763790;sebastian.acosta@email.com
Tatiana Paredes;2357806226;tatiana.paredes@email.com
Luis Martínez;7308968023;luis.martinez@email.com
Oscar Reyes;8715177240;oscar.reyes@email.com
Diana Herrera;5613613759;diana.herrera@email.com
Catalina Romero;1161521910;catalina.romero@email.com
Daniela Silva;9919491730;daniela.silva@email.com
Diego Muñoz;6946306973;diego.munoz@email.com
Diana Álvarez;5471158508;diana.alvarez@email.com
Esteban Jiménez;5560712830;esteban.jimenez@email.com
Laura Suárez;9952125442;laura.suarez@email.com
Mariana Vargas;1168114160;mariana.vargas@email.com
Monica Romero;9551219870;monica.romero@email.com
Andrea Aguilar;3619094295;andrea.aguilar@email.com
Daniela Sánchez;9237475801;daniela.sanchez@email.com
Miguel Blanco;8621268224;miguel.blanco@email.com
Tatiana Cardona;2437308013;tatiana.cardona@email.com
Natalia Gómez;6955247915;natalia.gomez@email.com
Valeria Cardona;4750707607;valeria.cardona@email.com
Natalia Pérez;6797436140;natalia.perez@email.com
Mariana Núñez;5658832688;mariana.nunez@email.com
Manuela Ruiz;9991312028;manuela.ruiz@email.com
Javier Vega;7478908722;javier.vega@email.com
Carlos Sánchez;2326569692;carlos.sanchez@email.com
Mateo Suárez;3088517710;mateo.suarez@email.com
Lucía Ríos;1665484476;lucia.rios@email.com
Gabriela Gómez;3261436148;gabriela.gomez@email.com
Javier Suárez;3654424954;javier.suarez@email.com
Cristian Ruiz;1662510569;cristian.ruiz@email.com
Sebastián Muñoz;2879792991;sebastian.munoz@email.com
Nicolás Sánchez;2928130926;nicolas.sanchez@email.com
Tomás Cruz;4586784711;tomas.cruz@email.com
Daniela Paredes;9523104008;daniela.paredes@email.com
Catalina Silva;8636984580;catalina.silva@email.com
Ricardo Aguilar;3597009738;ricardo.aguilar@email.com
Valeria Herrera;8048810275;valeria.herrera@email.com
Daniela Álvarez;5012760260;daniela.alvarez@email.com
Monica Aguilar;4655730355;monica.aguilar@email.com
Gabriela Pérez;4277561834;gabriela.perez@email.com
Daniel Romero;2878930355;daniel.romero@email.com
Lucía Romero;9094423237;lucia.romero@email.com
Carlos Blanco;5523703900;carlos.blanco@email.com
Ricardo Sánchez;6307626407;ricardo.sanchez@email.com
Diego Sánchez;1964386641;diego.sanchez@email.com
Alejandro Gómez;8086527181;alejandro.gomez@email.com
Felipe Ríos;5459478267;felipe.rios@email.com
Jorge Ríos;7309779967;jorge.rios@email.com
Paola Torres;4890628295;paola.torres@email.com
Carlos Ortiz;2817865363;carlos.ortiz@email.com
Adriana Silva;6315624319;adriana.silva@email.com
Andrés Herrera;6319057164;andres.herrera@email.com
Oscar Muñoz;2963288053;oscar.munoz@email.com
Andrés Acosta;9660523876;andres.acosta@email.com
Ricardo Paredes;5911625145;ricardo.paredes@email.com
Paula Torres;7935554354;paula.torres@email.com
Santiago Paredes;2789144223;santiago.paredes@email.com
Javier Pérez;2548781344;javier.perez@email.com
Andrea Flores;3380064537;andrea.flores@email.com
Miguel Mendoza;9776913529;miguel.mendoza@email.com
Miguel Sánchez;5364727160;miguel.sanchez@email.com
Sofía Molina;8544878538;sofia.molina@email.com
Valentina López;3760786161;valentina.lopez@email.com
Adriana Guerrero;1579187439;adriana.guerrero@email.com
Monica Guerrero;5453811475;monica.guerrero@email.com
Isabella López;4397788197;isabella.lopez@email.com
María Navarro;9303765140;maria.navarro@email.com
Ricardo Núñez;7627266377;ricardo.nunez@email.com
Valeria López;6115750294;valeria.lopez@email.com
David Herrera;6720572969;david.herrera@email.com
Andrés Sánchez;9403012103;andres.sanchez@email.com
Natalia Vargas;7431813987;natalia.vargas@email.com
Andrea Medina;4440904834;andrea.medina@email.com
Rodrigo Vega;5633956194;rodrigo.vega@email.com
Cristian Vargas;7637761996;cristian.vargas@email.com
Alejandro Gómez;5638860656;alejandro.gomez@email.com
Javier Silva;6611356986;javier.silva@email.com
Cristian Vega;7201539282;cristian.vega@email.com
Luis López;9210290540;luis.lopez@email.com
Paola Vega;5071218314;paola.vega@email.com
Sofía Núñez;3918046336;sofia.nunez@email.com
Carlos Morales;2881937953;carlos.morales@email.com
Valentina Martínez;8065920767;valentina.martinez@email.com
Daniela Ruiz;9729028480;daniela.ruiz@email.com
Felipe Romero;9370133343;felipe.romero@email.com
Daniela Romero;4277422858;daniela.romero@email.com
Esteban Ríos;7568980185;esteban.rios@email.com
Sara Navarro;8084809436;sara.navarro@email.com
Santiago Castro;9701231535;santiago.castro@email.com
Sebastián Acosta;7518666304;sebastian.acosta@email.com
Manuela Castro;2916728422;manuela.castro@email.com
Paola Silva;9584045520;paola.silva@email.com
Isabella Castro;5613018394;isabella.castro@email.com
Sebastián Romero;5283209430;sebastian.romero@email.com
Tatiana Navarro;8163317351;tatiana.navarro@email.com
Monica Martínez;1963110410;monica.martinez@email.com
Isabella Ríos;3121808073;isabella.rios@email.com
Daniela Álvarez;7752880042;daniela.alvarez@email.com
Catalina Álvarez;4797809576;catalina.alvarez@email.com
Sofía Reyes;3469178881;sofia.reyes@email.com
Valentina Navarro;3758823240;valentina.navarro@email.com
Luis Guerrero;2479679716;luis.guerrero@email.com
Adriana Álvarez;5150074940;adriana.alvarez@email.com
Paula Delgado;5952163720;paula.delgado@email.com
Camila García;4046558332;camila.garcia@email.com
David Aguilar;9138644862;david.aguilar@email.com
Diego Ortiz;2178758213;diego.ortiz@email.com
Oscar Reyes;9991206531;oscar.reyes@email.com
Mariana García;3493857758;mariana.garcia@email.com
Camila Muñoz;7894019119;camila.munoz@email.com
Esteban López;1121863227;esteban.lopez@email.com
María Paredes;7752277876;maria.paredes@email.com
Paola Ramírez;9403748506;paola.ramirez@email.com
Jorge Cruz;8236980551;jorge.cruz@email.com
Juan Guerrero;9903351330;juan.guerrero@email.com
Julio García;7183058541;julio.garcia@email.com
Jorge Guerrero;6171239466;jorge.guerrero@email.com
Cristian Morales;8380312396;cristian.morales@email.com
Rodrigo Molina;9484167278;rodrigo.molina@email.com
Valentina Sánchez;5751023835;valentina.sanchez@email.com
Santiago Guerrero;5821194895;santiago.guerrero@email.com
Luis Cruz;1605064858;luis.cruz@email.com
Julio Silva;9355364489;julio.silva@email.com
Paola Blanco;2343100352;paola.blanco@email.com
Pablo García;7505693643;pablo.garcia@email.com
Melissa Reyes;3136189070;melissa.reyes@email.com
Diego Núñez;7465834732;diego.nunez@email.com
sebas;1000;sebas@test.com
